<?xml version="1.0" encoding="UTF-8"?>
<project-private xmlns="http://www.netbeans.org/ns/project-private/1">
    <editor-bookmarks xmlns="http://www.netbeans.org/ns/editor-bookmarks/2" lastBookmarkId="0"/>
    <open-files xmlns="http://www.netbeans.org/ns/projectui-open-files/2">
        <group>
            <file>file:/C:/xampp/htdocs/captcha.png</file>
            <file>file:/C:/xampp/htdocs/Controller/Book2Controller.php</file>
            <file>file:/C:/xampp/htdocs/View/Gallery/index.phtml</file>
            <file>file:/C:/xampp/htdocs/index.php</file>
            <file>file:/C:/xampp/htdocs/View/Book/index.phtml</file>
            <file>file:/C:/xampp/htdocs/View/Business/read.phtml</file>
            <file>file:/C:/xampp/htdocs/View/Business/index.phtml</file>
            <file>file:/C:/xampp/htdocs/View/Book/add.phtml</file>
        </group>
    </open-files>
</project-private>
