<?xml version="1.0" encoding="UTF-8"?>
<project-private xmlns="http://www.netbeans.org/ns/project-private/1">
    <editor-bookmarks xmlns="http://www.netbeans.org/ns/editor-bookmarks/2" lastBookmarkId="0"/>
    <open-files xmlns="http://www.netbeans.org/ns/projectui-open-files/2">
        <group>
            <file>file:/C:/xampp/htdocs/Controller/SiteController.php</file>
            <file>file:/C:/xampp/htdocs/View/Site/search.phtml</file>
            <file>file:/C:/xampp/htdocs/Controller/SportController.php</file>
            <file>file:/C:/xampp/htdocs/View/Science/read.phtml</file>
            <file>file:/C:/xampp/htdocs/Traits/News.php</file>
            <file>file:/C:/xampp/htdocs/Model/CommentForm.php</file>
            <file>file:/C:/xampp/htdocs/Traits/Models.php</file>
            <file>file:/C:/xampp/htdocs/View/Book2/read.phtml</file>
            <file>file:/C:/xampp/htdocs/View/Policy/read.phtml</file>
            <file>file:/C:/xampp/htdocs/Controller/BookController.php</file>
            <file>file:/C:/xampp/htdocs/Controller/GalleryController.php</file>
            <file>file:/C:/xampp/htdocs/Model/SiteAjax.php</file>
            <file>file:/C:/xampp/htdocs/View/News/index.phtml</file>
            <file>file:/C:/xampp/htdocs/View/Site/index.phtml</file>
            <file>file:/C:/xampp/htdocs/View/Site/captcha.php</file>
            <file>file:/C:/xampp/htdocs/Controller/PolicyController.php</file>
            <file>file:/C:/xampp/htdocs/View/Sport/index.phtml</file>
            <file>file:/C:/xampp/htdocs/Model/Book.php</file>
            <file>file:/C:/xampp/htdocs/Controller/ScienceController.php</file>
            <file>file:/C:/xampp/htdocs/View/Book2/edit.phtml</file>
            <file>file:/C:/xampp/htdocs/Model/User.php</file>
            <file>file:/C:/xampp/htdocs/View/Business/index.phtml</file>
            <file>file:/C:/xampp/htdocs/View/Comment/index.phtml</file>
            <file>file:/C:/xampp/htdocs/View/layout.phtml</file>
            <file>file:/C:/xampp/htdocs/View/Book/add.phtml</file>
            <file>file:/C:/xampp/htdocs/View/Site/login.phtml</file>
            <file>file:/C:/xampp/htdocs/Model/Book2.php</file>
            <file>file:/C:/xampp/htdocs/Model/Site.php</file>
            <file>file:/C:/xampp/htdocs/View/Book/edit.phtml</file>
            <file>file:/C:/xampp/htdocs/Controller/CommentController.php</file>
            <file>file:/C:/xampp/htdocs/index.php</file>
            <file>file:/C:/xampp/htdocs/View/Book/read.phtml</file>
            <file>file:/C:/xampp/htdocs/View/Sport/read.phtml</file>
            <file>file:/C:/xampp/htdocs/View/Policy/index.phtml</file>
            <file>file:/C:/xampp/htdocs/View/Site/read.phtml</file>
            <file>file:/C:/xampp/htdocs/Library/Pagination.html</file>
            <file>file:/C:/xampp/htdocs/View/Gallery/index.phtml</file>
            <file>file:/C:/xampp/htdocs/Library/Controller.php</file>
            <file>file:/C:/xampp/htdocs/Controller/NewsController.php</file>
            <file>file:/C:/xampp/htdocs/View/Book2/index.phtml</file>
            <file>file:/C:/xampp/htdocs/View/Vacation/read.phtml</file>
            <file>file:/C:/xampp/htdocs/View/Science/index.phtml</file>
            <file>file:/C:/xampp/htdocs/View/Site/registration.phtml</file>
            <file>file:/C:/xampp/htdocs/View/Vacation/index.phtml</file>
            <file>file:/C:/xampp/htdocs/View/Site/cap.png</file>
            <file>file:/C:/xampp/htdocs/Library/Request.php</file>
            <file>file:/C:/xampp/htdocs/Controller/VacationController.php</file>
            <file>file:/C:/xampp/htdocs/Model/Book2Repository.php</file>
            <file>file:/C:/xampp/htdocs/View/Book/index.phtml</file>
            <file>file:/C:/xampp/htdocs/Controller/BusinessController.php</file>
            <file>file:/C:/xampp/htdocs/Controller/Book2Controller.php</file>
            <file>file:/C:/xampp/htdocs/View/Business/read.phtml</file>
            <file>file:/C:/xampp/htdocs/Library/Router.php</file>
        </group>
    </open-files>
</project-private>
